,Th1,Ts1,u1,R
0,0.0,0.0,0.0,0.0
1,0.0,0.0,0.0,-0.12899999999999778
2,0.0,0.0,0.0,0.0
3,0.0,0.0,0.0,0.0
4,0.0,0.0,0.0,0.0
5,0.0,0.0,0.0,0.0
6,0.0,0.0,0.0,0.0
7,0.0,0.0,0.0,0.0
8,0.0,0.0,0.0,0.0
9,0.0,0.0,0.0,0.0
10,0.0,0.0,0.0,0.0
11,0.0,0.0,0.0,0.0
12,0.0,0.0,0.0,0.0
13,-7.555976309119955e-06,-7.555976309119955e-06,0.009,3.2764768960006814e-07
14,4.687212884047658e-05,4.687212884047658e-05,0.017,-4.969882479447872e-07
15,0.00014803709432194712,0.00014803709432194712,0.032,-4.775462286533021e-06
16,0.0003488959465393879,0.0003488959465393879,0.049,-1.5454018798303234e-05
17,0.0006179142532782549,0.0006179142532782549,0.076,-3.7166130762753364e-05
18,0.0010527185808442599,0.0010527185808442599,0.412,-7.292084284211241e-05
19,0.003669237702246754,0.003669237702246754,0.748,-0.0001679697093568716
20,0.008220545223751458,0.008220545223751458,1.189,-0.00042904486635895024
21,0.01618086264387609,0.01618086264387609,1.66,-0.0009626109496406123
22,0.025555631910737307,0.025555631910737307,2.622,-0.0018803638493173785
23,0.039591050225860486,0.039591050225860486,4.156,-0.0032995441379226305
24,0.06276850017456158,0.06276850017456158,5.69,-0.005471353290385966
25,0.09425158998089997,0.09425158998089997,7.012,-0.008861630411400619
26,0.1331673909910876,0.1331673909910876,8.289,-0.01372310374036093
27,0.17818112218117887,0.17818112218117887,10.121,-0.02021868088884478
28,0.23619792549828977,0.23619792549828977,12.61,-0.028824292321577346
29,0.30467186256691436,0.30467186256691436,15.098,-0.03999171094679163
30,0.3881562909451743,0.3881562909451743,17.109,-0.054266907667484786
31,0.47740487087152095,0.47740487087152095,18.939,-0.07162138378228435
32,0.5726765025381207,0.5726765025381207,21.423,-0.2545729805093939
33,0.6887768181944637,0.6887768181944637,24.532,-0.11745339117980735
34,0.8173028122193928,0.8173028122193928,27.64,-0.14683521174674724
35,0.9526594538209183,0.9526594538209183,30.057,-0.1813534677792653
36,1.1041159323622662,1.1041159323622662,32.25,-0.1565207843441471
37,1.2710130026483246,1.2710130026483246,35.005,-0.16871105203570602
38,1.4576817238498618,1.4576817238498618,38.333,-0.09100080126070315
39,1.650402681060056,1.650402681060056,41.596,-0.27664875224327234
40,1.8451134313471913,1.8451134313471913,44.056,-0.11438999904132346
41,2.2702628465581576,2.2702628465581576,48.949,-0.2611900440510402
42,2.7360769709663617,2.7360769709663617,54.948,-0.27382528554514074
43,2.9907792661060038,2.9907792661060038,57.112,-0.21031446439172397
44,3.265699182499014,3.265699182499014,59.035,-0.315448787180849
45,3.543770858505854,3.543770858505854,61.22,-0.42844719776683426
46,3.823077343432325,3.823077343432325,63.532,-0.22734333453110156
47,4.116850597529568,4.116850597529568,65.843,-0.3559855303821733
48,4.42656031606137,4.42656031606137,67.451,-0.3955387167000477
49,4.7366802565354105,4.7366802565354105,68.855,-0.31409384804215357
50,5.04724235696526,5.04724235696526,70.357,-0.46630252677182327
51,5.359353001441804,5.359353001441804,71.856,-0.30389147151582363
52,5.67838034556785,5.67838034556785,73.369,-0.47236601854858673
53,6.001294846408489,6.001294846408489,74.364,-0.38826634174311314
54,6.329839739717604,6.329839739717604,75.222,-0.5051517331330073
55,6.6538223185611,6.6538223185611,76.067,-0.3689036264301073
56,6.9806901227577205,6.9806901227577205,76.854,-0.5629898690766186
57,7.3077704040458515,7.3077704040458515,77.641,-0.440275750887714
58,7.635204139756182,7.635204139756182,78.136,-0.6144649668000097
59,7.962668362747721,7.962668362747721,78.548,-0.5362567494125194
60,8.289376161407802,8.289376161407802,78.91,-0.5273458689866528
61,8.61407667965208,8.61407667965208,79.196,-0.6534226334462145
62,8.935058442491103,8.935058442491103,79.482,-0.5571727590534943
63,9.252399950803882,9.252399950803882,79.639,-0.5632070166149621
64,9.56709025080161,9.56709025080161,79.759,-0.7011522877179743
65,9.878901041930138,9.878901041930138,79.828,-0.6177041302003516
66,10.19071480061361,10.19071480061361,79.849,-0.5400002974273344
67,10.496206421902917,10.496206421902917,79.869,-0.7849121189380819
68,11.094161676724422,11.094161676724422,79.847,-0.7321629646405725
69,11.681474123614116,11.681474123614116,79.77,-0.8196929612375143
70,11.97004450527421,11.97004450527421,79.731,-0.7536254483399123
71,12.25532693140279,12.25532693140279,79.707,-1.0110114090265743
72,12.53744759088842,12.53744759088842,79.687,-0.8176170110109027
73,12.816572060335519,12.816572060335519,79.689,-0.8842162675480347
74,13.09298592793628,13.09298592793628,79.738,-0.8225471880184063
75,13.367350536966624,13.367350536966624,79.788,-0.7611934307379178
76,13.639772996158007,13.639772996158007,79.849,-0.8930905326587748
77,13.91027328452993,13.91027328452993,79.913,-0.9602302489535148
78,14.178886930351077,14.178886930351077,80.044,-0.8996016855507971
79,14.44566501113929,14.44566501113929,80.266,-0.839191299135452
80,14.713315576969936,14.713315576969936,80.491,-0.8456017716172308
81,14.973996533934187,14.973996533934187,80.687,-1.0079576377869124
82,15.235729877222427,15.235729877222427,80.877,-0.9800940300040892
83,15.495987458040853,15.495987458040853,81.171,-0.920367933509393
84,15.757480879998727,15.757480879998727,81.588,-0.8633768667782498
85,16.015177712455493,16.015177712455493,82.001,-0.9968434302128344
86,16.269271609560196,16.269271609560196,82.334,-1.062733570190396
87,16.525069870628176,16.525069870628176,82.65,-1.003263131065255
88,16.7801919805366,16.7801919805366,83.088,-0.9437697631174977
89,17.28924957616225,17.28924957616225,84.21,-1.1465514484954582
90,17.543644849646125,17.543644849646125,84.647,-1.0857384825821939
91,17.798283547503754,17.798283547503754,85.049,-1.0257265493683612
92,18.05343443674139,18.05343443674139,85.566,-1.2554650161248446
93,18.309381833614466,18.309381833614466,86.181,-1.1619006008786616
94,18.566425603627582,18.566425603627582,86.796,-1.165977372412998
95,18.824881161534506,18.824881161534506,87.254,-1.1036367502671673
96,19.085079471338183,19.085079471338183,87.668,-1.1058175047366365
97,19.61070179597573,19.61070179597573,88.694,-1.2389829337336913
98,20.138813606022417,20.138813606022417,89.601,-1.1132757645349098
99,20.403057659433212,20.403057659433212,89.927,-1.2771437333885007
100,20.66971300543009,20.66971300543009,90.268,-1.3137885529562645
101,20.93057905449548,20.93057905449548,90.555,-1.2494058152464405
102,21.193265890179468,21.193265890179468,90.844,-1.1867821036193718
103,21.454813534790492,21.454813534790492,91.007,-1.125281651906576
104,21.71488231654998,21.71488231654998,91.133,-1.385853014851218
105,21.973114796161436,21.973114796161436,91.173,-1.3244277340200128
106,22.231683493646823,22.231683493646823,91.049,-1.2655245166481777
107,22.482552254164627,22.482552254164627,90.927,-1.2652283414146233
108,22.73295351637372,22.73295351637372,90.755,-1.396232246891607
109,22.979911044069503,22.979911044069503,90.568,-1.3977955430950857
110,23.22538803575579,23.22538803575579,90.169,-1.3373508341945275
111,23.464055552149905,23.464055552149905,89.49,-1.2735467602386663
112,23.695569613625864,23.695569613625864,88.817,-1.4632214670267452
113,23.924111759227642,23.924111759227642,88.208,-1.4613169512162365
114,24.14680111070608,24.14680111070608,87.62,-1.3940340727899958
115,24.365231453278334,24.365231453278334,86.689,-1.3276562270392134
116,24.572463205871827,24.572463205871827,85.384,-1.5113618541226934
117,24.774312418053757,24.774312418053757,84.065,-1.5024442939566853
118,24.96806177310159,24.96806177310159,82.972,-1.4590919313250694
119,25.15490945782797,25.15490945782797,81.931,-1.5774222601018835
120,25.33052626643533,25.33052626643533,80.464,-1.592231007610021
121,25.499101687451724,25.499101687451724,78.529,-1.6685286567772089
122,25.662776842614694,25.662776842614694,76.613,-1.5776453755995838
123,25.82286390343326,25.82286390343326,75.072,-1.3882001568443378
124,25.975777189159544,25.975777189159544,73.646,-1.5487699712854983
125,26.11982311947713,26.11982311947713,71.734,-1.4482615262152763
126,26.375635596251474,26.375635596251474,66.953,-1.556515757458456
127,26.485111985706332,26.485111985706332,65.11,-1.441970919105195
128,26.5811407057487,26.5811407057487,63.426,-1.4527327919072306
129,26.6631251796931,26.6631251796931,61.282,-1.5225871539057074
130,26.73068823158024,26.73068823158024,58.744,-1.3942955972915279
131,26.78367208617702,26.78367208617702,56.207,-1.324595528405382
132,26.822138368976532,26.822138368976532,54.314,-1.3782001677377558
133,26.846540018479928,26.846540018479928,52.588,-1.298533088421756
134,26.856861724787027,26.856861724787027,50.558,-1.3380555237688831
135,26.85433905241513,26.85433905241513,48.278,-1.308611752197507
136,26.8397393174802,26.8397393174802,45.999,-1.2720837123044006
137,26.814221149106256,26.814221149106256,44.366,-1.2920636953289524
138,26.779162577143524,26.779162577143524,42.919,-1.3681198066603315
139,26.73569686822392,26.73569686822392,41.287,-1.2450788039434677
140,26.686517837462347,26.686517837462347,39.622,-1.368803635292835
141,26.633815749117577,26.633815749117577,37.974,-1.159063176634021
142,26.57863921629282,26.57863921629282,36.839,-1.2636781248310172
143,26.519870680680484,26.519870680680484,35.858,-1.1347820590270317
144,26.456741742350196,26.456741742350196,34.857,-1.1263441163343195
145,26.389963820948978,26.389963820948978,33.926,-1.2076461861468069
146,26.32021691246807,26.32021691246807,32.996,-1.2819689675971269
147,26.24741931235347,26.24741931235347,32.405,-1.0922353083775356
148,26.17437899995328,26.17437899995328,31.923,-1.0887935106352948
149,26.099490869623,26.099490869623,31.512,-1.1438507191819092
150,26.024039499620248,26.024039499620248,31.231,-1.19303953328388
151,25.947794335659335,25.947794335659335,30.947,-1.2040433311055168
152,25.87350712779099,25.87350712779099,30.826,-1.113909779197126
153,25.79937761042189,25.79937761042189,30.749,-0.9851371358767622
154,25.726587822295112,25.726587822295112,30.792,-1.0135879478484746
155,25.58658474246982,25.58658474246982,31.166,-1.0572386945305574
156,25.520071545982496,25.520071545982496,31.362,-1.0729750320188813
157,25.455675317881887,25.455675317881887,31.564,-1.021110150843871
158,25.394944827966295,25.394944827966295,31.892,-0.8366711859924685
159,25.338026004717737,25.338026004717737,32.343,-0.809021322253443
160,25.283975723063165,25.283975723063165,32.798,-0.8445292965029125
161,25.233562773003307,25.233562773003307,33.166,-0.8113872929754855
162,25.186932948381216,25.186932948381216,33.508,-0.776855776361689
163,25.144200619384176,25.144200619384176,33.961,-0.7721940210907512
164,25.105231903639368,25.105231903639368,34.512,-0.7659409964889576
165,25.0695435537744,25.0695435537744,35.062,-0.7588360269731105
166,25.03702712964238,25.03702712964238,35.478,-0.750937674013457
167,25.007585548732937,25.007585548732937,35.855,-0.7422874918296145
168,24.98111868472993,24.98111868472993,36.315,-0.7329317641662527
169,24.95752336751145,24.95752336751145,36.837,-0.7229215042930761
170,24.936693383149827,24.936693383149827,37.358,-0.7123124550048452
171,24.918519473911633,24.918519473911633,37.738,-0.701165088621373
172,24.90288933825767,24.90288933825767,38.076,-0.6895446069875071
173,24.889687630842975,24.889687630842975,38.466,-0.6775209414731513
174,24.87879596251682,24.87879596251682,38.887,-0.6331687529732513
175,24.870016503543546,24.870016503543546,39.312,-0.6524404412369407
176,24.8634539674984,24.8634539674984,39.604,-0.6078010982218416
177,24.858713960894466,24.858713960894466,39.867,-0.594830104457138
178,24.855835072095406,24.855835072095406,40.153,-0.6140056862001941
179,24.85463152053524,24.85463152053524,40.441,-0.6014241637670352
180,24.854943461452287,24.854943461452287,40.733,-0.5889335695503988
181,24.85665149084139,24.85665149084139,40.931,-0.5767695053141715
182,24.859648321590967,24.859648321590967,41.104,-0.5649298275444856
183,24.863681812842653,24.863681812842653,41.278,-0.5538756846892703
184,24.86870949484384,24.86870949484384,41.444,-0.5113851110663923
185,24.874544044095146,24.874544044095146,41.611,-0.5336994329554869
186,24.881030545776667,24.881030545776667,41.718,-0.5249500655520798
187,24.888011041262743,24.888011041262743,41.807,-0.4852731535767312
188,24.895398792095467,24.895398792095467,41.889,-0.44675155145664647
189,24.902883923918612,24.902883923918612,41.953,-0.40965234229775405
190,24.91043120995761,24.91043120995761,42.017,-0.37248847186132394
191,24.91817563901017,24.91817563901017,42.051,-0.3368319228982415
192,24.925969203755017,24.925969203755017,42.077,-0.23669959358892712
193,24.93374446525709,24.93374446525709,42.088,-0.23406362125792413
194,24.94143918039397,24.94143918039397,42.081,-0.16789629614491375
195,24.94899630185589,24.94899630185589,42.073,-0.23017006140471352
196,24.95636397814572,24.95636397814572,42.059,-0.16485751310728602
197,24.963495553578976,24.963495553578976,42.043,-0.16393140023773967
198,24.97034956828382,24.97034956828382,42.01,-0.26036462469632227
199,24.976889758201057,24.976889758201057,41.961,-0.2601302412984232
200,24.983085055084135,24.983085055084135,41.912,-0.16320145777457995
201,24.98890958649915,24.98890958649915,41.871,-0.16355163477047086
202,24.994342675824843,24.994342675824843,41.832,-0.16415428584691227
203,24.999368842252586,24.999368842252586,41.779,-0.16498307747987084
204,25.003977800786416,25.003977800786416,41.714,-0.16601182906044443
205,25.008164462243002,25.008164462243002,41.648,-0.16721451289488698
206,25.011928933251657,25.011928933251657,41.598,-0.16856525420458723
207,25.01527651625434,25.01527651625434,41.553,-0.17003833112607936
208,25.018245117919744,25.018245117919744,41.496,-0.17162427569533278
209,25.020791805365175,25.020791805365175,41.431,-0.17326605558329788
210,25.02294889883583,25.02294889883583,41.368,-0.1429366506537626
211,25.02478587048711,25.02478587048711,41.321,-0.17664490969060154
212,25.026310403531888,25.026310403531888,41.279,-0.14634918874903136
213,25.027558975287985,25.027558975287985,41.23,0.012975316543549553
214,25.028573258885864,25.028573258885864,41.177,0.10835325764460535
215,25.029398721789256,25.029398721789256,41.125,0.10684302694885517
216,25.030060605363992,25.030060605363992,41.087,0.13767164792339415
217,25.03056591296944,25.03056591296944,41.055,0.13683598070833725
218,25.030921309799933,25.030921309799933,41.019,0.13628869050438652
219,25.031133471424997,25.031133471424997,40.982,0.13598489524003554
220,25.031209172987552,25.031209172987552,40.945,0.13588201634130925
221,25.031154843212974,25.031154843212974,40.92,0.13594052488305053
222,25.030977456390954,25.030977456390954,40.898,0.1361224492863471
223,25.030683640393647,25.030683640393647,40.876,0.13639286762110814
224,25.030275556284312,25.030275556284312,40.855,0.1367226024447632
225,25.029773641030523,25.029773641030523,40.834,0.17007116508258235
226,25.02917094368139,25.02917094368139,40.821,0.17042116552755004
227,25.028471438780894,25.028471438780894,40.809,0.29874691300708633
228,25.027703946503692,25.027703946503692,40.799,0.2670165686000061
229,25.026844327051855,25.026844327051855,40.791,0.29922041304000757
230,25.025923799445202,25.025923799445202,40.783,0.4613333601548888
231,25.02495113436179,25.02495113436179,40.779,0.39634285676089576
232,25.023902801626146,25.023902801626146,40.775,0.4612345245277538
233,25.02282704952303,25.02282704952303,40.774,0.46100226229264507
234,25.02168733588146,25.02168733588146,40.775,0.4606284988439775
235,25.02052376227477,25.02052376227477,40.776,0.3631166561172705
236,25.019344127347747,25.019344127347747,40.778,0.4264678403559543
237,25.018131405394715,25.018131405394715,40.78,0.45866822945715313
238,25.016904255345647,25.016904255345647,40.784,0.45772537241940725
239,25.01566956027411,25.01566956027411,40.79,0.4566434417270173
240,25.014434213628867,25.014434213628867,40.797,0.45542906259206717
241,25.013205119233884,25.013205119233884,40.802,0.45409131295443217
242,25.011977121920054,25.011977121920054,40.807,0.45262670805474414
243,25.01079335436658,25.01079335436658,40.813,0.451094277569549
244,25.009624543418198,25.009624543418198,40.822,0.4494654113410057
245,25.00848970376796,25.00848970376796,40.83,0.44777401364717306
246,25.007395791115847,25.007395791115847,40.836,0.4460414260668806
247,25.006349771537028,25.006349771537028,40.842,0.4442914429067457
248,25.005358621481882,25.005358621481882,40.849,0.4425503112011704
249,25.004420370879842,25.004420370879842,40.857,0.440829987891604
250,25.003568887620144,25.003568887620144,40.865,0.43921185393027784
251,25.002784308590314,25.002784308590314,40.87,0.40467928607272086
252,25.00208260863769,25.00208260863769,40.875,0.43628508508525243
253,25.00147081608866,25.00147081608866,40.881,0.43506776164122485
254,25.000955969644806,25.000955969644806,40.887,0.4660682791417834
255,25.000541558922944,25.000541558922944,40.894,0.43332414395315766
256,25.000245321755006,25.000245321755006,40.898,0.43289895422021374
257,25.000063649588242,25.000063649588242,40.902,0.43282330223932775
258,25.00000718208503,25.00000718208503,40.906,0.4331538720855157
259,25.000084460208697,25.000084460208697,40.91,0.43395429754133374
260,25.00026187212012,25.00026187212012,40.914,0.4990963345284172
261,25.000457188066544,25.000457188066544,40.917,0.4682630476730836
262,25.000662450439446,25.000662450439446,40.919,0.40442087447765473
263,25.000877375765363,25.000877375765363,40.922,0.43857457695707325
264,25.001093207052307,25.001093207052307,40.924,0.5036840432211456
265,25.001314290973532,25.001314290973532,40.926,0.47277753385156984
266,25.001536500683784,25.001536500683784,40.927,0.5058384355248968
267,25.001758024411163,25.001758024411163,40.929,0.5388618842010366
268,25.00197720773876,25.00197720773876,40.93,0.5728434404855882
269,25.002192553604644,25.002192553604644,40.931,0.508779089629801
270,25.00240272230188,25.00240272230188,40.931,0.5746652415305924
271,25.002606531478516,25.002606531478516,40.932,0.5424987307305607
272,25.002802956137582,25.002802956137582,40.932,0.6722768164179662
273,25.002992966153663,25.002992966153663,40.933,0.5770040878468663
274,25.00317033869008,25.00317033869008,40.933,0.609657937236431
275,25.003340033364506,25.003340033364506,40.933,0.5782576139723474
276,25.003499817083362,25.003499817083362,40.933,0.6107951704054138
277,25.003649451624614,25.003649451624614,40.934,0.6112699889522126
278,25.00378885612121,25.00378885612121,40.934,0.7076818766750073
279,25.00391810706109,25.00391810706109,40.935,0.6440310652817409
280,25.00403858269673,25.00403858269673,40.935,0.6443207725704525
281,25.00414724099738,25.00414724099738,40.936,0.6765443952070704
282,25.004249028879922,25.004249028879922,40.936,0.7737124963716262
283,25.00434061243671,25.00434061243671,40.937,0.773820325304996
284,25.004426567612573,25.004426567612573,40.939,0.7738746272972818
285,25.004504498062087,25.004504498062087,40.94,0.7738759964830209
286,25.004578747005976,25.004578747005976,40.942,0.7738277373919011
287,25.004647692236293,25.004647692236293,40.943,0.7737353439793111
288,25.00471563285121,25.00471563285121,40.945,0.7415991930306589
289,25.004781507001905,25.004781507001905,40.948,0.773429097362726
290,25.004849808619124,25.004849808619124,40.951,0.6762231549193984
291,25.004919772081262,25.004919772081262,40.953,0.7729947805328017
292,25.004995583704893,25.004995583704893,40.956,0.7727431798312381
293,25.005078834876496,25.005078834876496,40.959,0.7724767117197615
294,25.005171962408795,25.005171962408795,40.963,0.7722019775913118
295,25.005277560469516,25.005277560469516,40.967,0.7719260034845092
296,25.005398380581354,25.005398380581354,40.971,0.7716562400836331
297,25.00553733162201,25.00553733162201,40.974,0.7714005627186324
298,25.005699199127076,25.005699199127076,40.978,0.7711650806650994
299,25.005882048775444,25.005882048775444,40.983,0.7709650906444026
300,25.006096695363574,25.006096695363574,40.988,0.7708017859654213
301,25.00634073779682,25.00634073779682,40.991,0.7706902470799548
302,25.006616876325673,25.006616876325673,40.995,0.7706388281767751
303,25.006934511249934,25.006934511249934,40.998,0.7706568291133742
304,25.007778903315806,25.007778903315806,41.007,0.8027879735833281
305,25.00843295358601,25.00843295358601,41.01,0.7706319996703357
306,25.010131813482374,25.010131813482374,41.015,0.7698438715681206
307,25.012164541424728,25.012164541424728,41.018,0.7685602493666615
308,25.013251615354477,25.013251615354477,41.019,0.7677738491600188
309,25.01433546675747,25.01433546675747,41.019,0.7989288390901272
310,25.0154041794557,25.0154041794557,41.018,0.766035427986445
311,25.016426407026714,25.016426407026714,41.015,0.7651197961424572
312,25.017412400669073,25.017412400669073,41.012,0.7641699361909069
313,25.018313247748303,25.018313247748303,41.008,0.763229180984272
314,25.01912163325095,25.01912163325095,41.005,0.7623026757143059
315,25.019815047854507,25.019815047854507,40.998,0.7614129455838423
316,25.020397920088076,25.020397920088076,40.987,0.7605465243608656
317,25.02083382719307,25.02083382719307,40.977,0.7597497362018153
318,25.02125797945684,25.02125797945684,40.958,0.7903432170900508
319,25.021005165665382,25.021005165665382,40.923,0.8212752678317479
320,25.019218569787498,25.019218569787498,40.87,0.853455721479321
321,25.015671867611054,25.015671867611054,40.786,0.788735272959471
322,25.012282739140126,25.012282739140126,40.738,0.7895975991883013
323,25.0081529456914,25.0081529456914,40.669,0.7910101651867407
324,25.003267780281035,25.003267780281035,40.599,0.9219973546424214
325,24.997679198937476,24.997679198937476,40.535,0.9885625428667595
326,24.988260240769396,24.988260240769396,40.419,1.0264085527919917
327,24.98145821732609,24.98145821732609,40.357,1.0622473377847257
328,24.97433052759254,24.97433052759254,40.286,1.098552404940154
329,24.967065968837797,24.967065968837797,40.24,1.0712446723320177
330,24.959805105246115,24.959805105246115,40.204,1.0762763974675913
331,24.952852008492766,24.952852008492766,40.184,0.9524846951871488
332,24.946317210592447,24.946317210592447,40.187,0.9578483339897907
333,24.94044770456059,24.94044770456059,40.236,1.027257698840753
334,24.935562049144064,24.935562049144064,40.29,1.1295353018447933
335,24.93192362935821,24.93192362935821,40.423,1.0705481530639176
336,24.92979507994018,24.92979507994018,40.58,1.1071992509483692
337,24.92940464043387,24.92940464043387,40.65,1.1093297899286902
338,24.929519094347043,24.929519094347043,40.759,1.0463022962398227
339,24.930181810442217,24.930181810442217,40.917,0.9520947797251651
340,24.93145315559361,24.93145315559361,41.076,1.017699267564499
341,24.933331969425613,24.933331969425613,41.205,1.0190478350492853
342,24.93594204958721,24.93594204958721,41.33,1.0851703210649006
343,24.939227928272135,24.939227928272135,41.505,0.9249975044772896
344,24.943389703802588,24.943389703802588,41.745,1.0215988482179945
345,24.948409091841917,24.948409091841917,41.98,1.0871352626512838
346,24.954541769010905,24.954541769010905,42.17,0.9585477557579765
347,24.961839319381777,24.961839319381777,42.347,0.9267323074549978
348,24.970383079907734,24.970383079907734,42.587,0.9585981058565132
349,24.980238415009858,24.980238415009858,42.891,1.054061825311841
350,24.99157387892352,24.99157387892352,43.198,1.1180348333866625
351,25.004065403966482,25.004065403966482,43.43,0.923487155957293
352,25.01823529732181,25.01823529732181,43.649,1.017294618000605
353,25.033523750978347,25.033523750978347,43.925,1.0144914188898895
354,25.05035838665414,25.05035838665414,44.255,0.8819568770861181
355,25.068561360258517,25.068561360258517,44.585,0.9746775133712298
356,25.088086228487857,25.088086228487857,44.831,1.0016224057408998
357,25.108870575506433,25.108870575506433,45.053,0.963768118425989
358,25.130836012946432,25.130836012946432,45.317,1.0860987018925776
359,25.153888179907916,25.153888179907916,45.598,1.1106056928419008
360,25.177916742958864,25.177916742958864,45.88,1.0702881142104204
361,25.203048007598408,25.203048007598408,46.077,1.0930570286586487
362,25.22864077797061,25.22864077797061,46.246,1.0831093799721003
363,25.254781445772018,25.254781445772018,46.413,1.0723794005471348
364,25.281295627716865,25.281295627716865,46.537,0.7708961331233155
365,25.3079929679873,25.3079929679873,46.66,1.016696106675397
366,25.33466713823336,25.33466713823336,46.715,1.0358233364133191
367,25.361095837572986,25.361095837572986,46.75,1.0223293237822269
368,25.38678455915021,25.38678455915021,46.711,0.8154161902359718
369,25.412247757344186,25.412247757344186,46.536,0.9937210083695085
370,25.436446513351132,25.436446513351132,46.363,0.9787471396541108
371,25.459129212230085,25.459129212230085,46.174,0.9635874381806104
372,25.4804545189714,25.4804545189714,45.978,0.9480238032318375
373,25.49986838676456,25.49986838676456,45.608,0.9323041442784721
374,25.531741438217534,25.531741438217534,44.37,0.9006631284786728
375,25.559101987400442,25.559101987400442,41.314,1.157974514378349
376,25.544594029777798,25.544594029777798,39.13,1.1268801593778264
377,25.503921084207505,25.503921084207505,36.913,1.1024547654342989
378,25.43059476746502,25.43059476746502,33.347,1.086454061882673
379,25.380971315812026,25.380971315812026,31.93,1.08270537394311
380,25.322779809274852,25.322779809274852,30.624,1.0821531857335955
381,25.176769402210894,25.176769402210894,26.575,1.0917001556567847
382,25.08921238124618,25.08921238124618,24.315,1.1023011633082476
383,24.99087436729966,24.99087436729966,22.549,1.117236023463704
384,24.883757004692733,24.883757004692733,20.942,1.1363897771406926
385,24.768280664873092,24.768280664873092,18.91,1.1597848479223636
386,24.642319249285848,24.642319249285848,16.495,1.1880236777744528
387,24.50727699575083,24.50727699575083,14.08,1.220999522930473
388,24.362036385758294,24.362036385758294,12.274,1.2271975387801248
389,24.209917514718274,24.209917514718274,10.662,1.0769201477085772
390,24.051678549643395,24.051678549643395,8.791,1.0590546285689229
391,23.88300910685651,23.88300910685651,6.808,1.1121129763135578
392,23.709487536155777,23.709487536155777,4.844,1.137578665290519
393,23.530405754178094,23.530405754178094,3.526,1.2000538633107318
394,23.348130567557178,23.348130567557178,2.383,1.2686133655911505
395,23.165577508687285,23.165577508687285,1.343,1.3423655959997554
396,22.97782005864851,22.97782005864851,0.733,1.423208954300346
397,22.79287263689552,22.79287263689552,0.136,1.3465456664150786
398,22.60568331318533,22.60568331318533,0.0,1.3074751304586378
399,22.416744763529685,22.416744763529685,0.0,1.3707744005975435
400,22.232114376829443,22.232114376829443,0.0,1.4682100967001759
401,22.04659345058641,22.04659345058641,0.0,1.5703558719540744
402,21.86241250530479,21.86241250530479,0.0,1.4499481355911428
403,21.67807271523532,21.67807271523532,0.0,1.4638108985778615
404,21.499294000091012,21.499294000091012,0.0,1.5743778106237443
405,21.320855904496014,21.320855904496014,0.0,1.6557192307094617
406,21.144756718536723,21.144756718536723,0.0,1.547515156558724
407,20.971133917486245,20.971133917486245,0.0,1.6015687599023458
408,20.800080073859487,20.800080073859487,0.0,1.4657036794254061
409,20.631642857413176,20.631642857413176,0.0,1.5237640207672847
410,20.465825035145837,20.465825035145837,0.0,1.6486143565216445
411,20.302584471297816,20.302584471297816,0.0,1.6141397262364272
412,20.140238790701297,20.140238790701297,0.0,1.5825344096368106
413,19.9818694899345,19.9818694899345,0.0,1.712161594288503
414,19.82723143130022,19.82723143130022,0.0,1.5519234389370489
415,19.672980488369085,19.672980488369085,0.0,1.6524086790586665
416,19.520422583686127,19.520422583686127,0.0,1.7863011551947068
417,19.369246164942545,19.369246164942545,0.0,1.6636087086188098
418,19.21918520778201,19.21918520778201,0.0,1.7352085893237472
419,19.070517496965884,19.070517496965884,0.0,1.7432475920813744
420,18.923297501750596,18.923297501750596,0.0,1.6875727991908036
421,18.77751031842488,18.77751031842488,0.0,1.825166356161784
422,18.631703661637076,18.631703661637076,0.0,1.7063868636319448
423,18.48874818178313,18.48874818178313,0.0,1.7804531594890491
424,18.34717593132771,18.34717593132771,0.0,1.9187152070579927
425,18.208364242909962,18.208364242909962,0.0,1.765757637557936
426,18.069490176480727,18.069490176480727,0.0,1.8713157711848076
427,17.93194306754407,17.93194306754407,0.0,1.945969514552953
428,17.795702535012264,17.795702535012264,0.0,1.8266791421125497
429,17.660747415315242,17.660747415315242,0.0,1.9334018038767091
430,17.527055762400586,17.527055762400586,0.0,1.7820915254214533
431,17.394604847733522,17.394604847733522,0.0,1.920699207885729
432,17.132035939180312,17.132035939180312,0.0,1.8768381232877935
433,16.876726613963562,16.876726613963562,0.0,1.6352182144194352
434,16.75011107563068,16.75011107563068,0.0,1.9655698632678913
435,16.624583472207433,16.624583472207433,0.0,2.006479266690942
436,16.500115597782603,16.500115597782603,0.0,1.9168754547679825
437,16.376678463962623,16.376678463962623,0.0,2.0526843331413467
438,16.25424229987158,16.25424229987158,0.0,1.8658286830162858
439,16.13277655215121,16.13277655215121,0.0,2.000228161160962
440,16.012249884960895,16.012249884960895,0.0,2.036799299906466
441,15.892630179977672,15.892630179977672,0.0,1.9444555071468166
442,15.773908688816013,15.773908688816013,0.0,2.0761961814065515
443,15.656118470724968,15.656118470724968,0.0,2.1101744376409997
444,15.539257110282387,15.539257110282387,0.0,2.01441203489658
445,15.42332045159051,15.42332045159051,0.0,2.1439241135166256
446,15.307158428096635,15.307158428096635,0.0,2.0490086801202096
447,15.193066326455334,15.193066326455334,0.0,2.0801018723426843
448,15.079884146163504,15.079884146163504,0.0,2.2075055747276053
449,14.9676062222543,14.9676062222543,0.0,2.0442285863322844
450,14.856226513434425,14.856226513434425,0.0,2.1382781248459395
451,14.745738602084124,14.745738602084124,0.0,2.23165982658972
452,14.636135694257192,14.636135694257192,0.0,2.066377746516654
453,14.527410619680968,14.527410619680968,0.0,2.1904343582117285
454,14.420630097419576,14.420630097419576,0.0,2.150599861946027
455,14.313629090037857,14.313629090037857,0.0,2.112341572115298
456,14.20642504783312,14.20642504783312,0.0,2.235637359234083
457,14.101132077004035,14.101132077004035,0.0,2.0350418464895803
458,13.997715900281412,13.997715900281412,0.0,2.1545697060449918
459,13.894077954019943,13.894077954019943,0.0,2.2746286936895608
460,13.791257211868231,13.791257211868231,0.0,2.071999503678267
461,13.68924349670525,13.68924349670525,0.0,2.190671974465058
462,13.588026255083513,13.588026255083513,0.0,2.308634363135802
463,13.48759455722908,13.48759455722908,0.0,2.10387334540828
464,13.387937097041561,13.387937097041561,0.0,2.2203740156321707
465,13.289042192094108,13.289042192094108,0.0,2.3361198867890813
466,13.189920087797123,13.189920087797123,0.0,2.129238652388242
467,13.093491436579745,13.093491436579745,0.0,2.2422733769879457
468,12.900841304742132,12.900841304742132,0.0,2.1461702924959667
469,12.710984789414141,12.710984789414141,0.0,2.3686218079148507
470,12.523845287501214,12.523845287501214,0.0,2.2653913223096733
471,12.340311041015111,12.340311041015111,0.0,2.1567441505573814
472,12.071138455277408,12.071138455277408,0.0,2.277705741923949
473,11.894753595355338,11.894753595355338,0.0,2.3538856308408356
474,11.807274168342254,11.807274168342254,0.0,2.2944385249239776
475,11.72020059565112,11.72020059565112,0.0,2.2343760769084664
476,11.633492605603095,11.633492605603095,0.0,2.334748104126536
477,11.546257276235321,11.546257276235321,0.0,2.435594669453611
478,11.46105964293571,11.46105964293571,0.0,2.2759660484666675
479,11.374445408624025,11.374445408624025,0.0,2.3118697822791656
480,11.289842531768167,11.289842531768167,0.0,2.4093756760994722
481,11.204689873255964,11.204689873255964,0.0,2.4424657035891144
482,11.119013475833995,11.119013475833995,0.0,2.2831432325724332
483,11.034536193926453,11.034536193926453,0.0,2.3804637929279213
484,10.866781024643267,10.866781024643267,0.0,2.251979699688455
485,10.783602736950645,10.783602736950645,0.0,2.348165106059838
486,10.701796183553881,10.701796183553881,0.0,2.4429967397971364
487,10.619781526703477,10.619781526703477,0.0,2.409371208582076
488,10.538470803778715,10.538470803778715,0.0,2.311303524632045
489,10.457155553479014,10.457155553479014,0.0,2.4067049365869195
490,10.378339933838278,10.378339933838278,0.0,2.499712589423112
491,10.299732851996033,10.299732851996033,0.0,2.3991103810493826
492,10.221487203711678,10.221487203711678,0.0,2.3648328751370897
493,10.145283753468116,10.145283753468116,0.0,2.456969820640934
494,10.071222306123484,10.071222306123484,0.0,2.5144820686343206
495,9.997954630507364,9.997954630507364,0.0,2.219133261580012
496,9.926394689397625,9.926394689397625,0.0,2.404934296929227
497,9.856710578460085,9.856710578460085,0.0,2.493808249461143
498,9.789079864603499,9.789079864603499,0.113,2.420672432929809
499,9.723689585979564,9.723689585979564,0.259,2.346438400064141
500,9.660736251982915,9.660736251982915,0.826,2.4320119425679074
501,9.600425843251124,9.600425843251124,1.75,2.516293091119742
502,9.542414479249437,9.542414479249437,2.683,2.3739975126812887
503,9.488077748842253,9.488077748842253,3.47,2.3593552425840567
504,9.43755404366472,9.43755404366472,4.211,2.2442960644729233
505,9.39017495203086,9.39017495203086,5.239,2.516301239096215
506,9.349244056431933,9.349244056431933,6.511,2.4323952823488852
507,9.316484399042725,9.316484399042725,7.77,2.054909875506157
508,9.291114807825148,9.291114807825148,8.709,2.4176624086697007
509,9.272090951327575,9.272090951327575,9.573,2.4878874028748914
510,9.259189066924824,9.259189066924824,10.615,2.3616561128608655
511,9.251915602399338,9.251915602399338,11.773,2.297798770254797
512,9.24980174464797,9.24980174464797,12.944,2.360778465603131
513,9.259340269191622,9.259340269191622,14.505,2.476676001854038
514,9.269984411978697,9.269984411978697,15.319,2.4005391205879576
515,9.284199276835983,9.284199276835983,16.169,2.2898306035637113
516,9.301530956221074,9.301530956221074,17.019,2.3049727921911494
517,9.321635800568377,9.321635800568377,17.6,2.348961040924337
518,9.344191574976861,9.344191574976861,18.104,2.0678142931926153
519,9.368897459210068,9.368897459210068,18.623,2.427575081400615
520,9.395474047696094,9.395474047696094,19.113,2.430309526928207
521,9.423663349527615,9.423663349527615,19.603,2.301107340130562
522,9.453228788461862,9.453228788461862,19.916,2.2010818203381124
523,9.483955202920637,9.483955202920637,20.178,2.2273698558565567
524,9.515970065906336,9.515970065906336,20.41,2.251357391546952
525,9.548127089518607,9.548127089518607,20.581,2.272519237751453
526,9.581084774329618,9.581084774329618,20.754,2.2914830387118332
527,9.614158870360194,9.614158870360194,20.84,2.3080989184565652
528,9.679371797290512,9.679371797290512,20.909,2.334736563631237
529,9.710949600325266,9.710949600325266,20.851,2.3449867751458626
530,9.770888980460825,9.770888980460825,20.721,2.3599319554972187
531,9.798884461368102,9.798884461368102,20.645,2.364864061823287
532,9.825373886392548,9.825373886392548,20.511,2.271263018188245
533,9.850255428967175,9.850255428967175,20.317,2.370251014755368
534,9.873459751136906,9.873459751136906,20.123,2.3709516902553744
535,9.894950003558579,9.894950003558579,19.964,2.241490131986424
536,9.914721825500935,9.914721825500935,19.815,2.368992875814113
537,9.932803344844633,9.932803344844633,19.614,2.333587906171493
538,9.949255178082238,9.949255178082238,19.367,2.3634046560590516
539,9.964170430318225,9.964170430318225,19.12,2.3595740070447153
540,9.977674695268982,9.977674695268982,18.932,2.2582282892638545
541,9.989926055262808,9.989926055262808,18.762,2.1245012814192883
542,10.00111508123991,10.00111508123991,18.552,2.3125282107812666
543,10.011464832752406,10.011464832752406,18.313,2.3404457531874954
544,10.021018931147056,10.021018931147056,18.073,2.3353772718289907
545,10.029399072450161,10.029399072450161,17.898,2.2973534524325228
546,10.036638247485085,10.036638247485085,17.742,2.2603735435347225
547,10.042794021392673,10.042794021392673,17.561,2.320438294654762
548,10.047970003263382,10.047970003263382,17.363,2.2825010521207574
549,10.052084305454278,10.052084305454278,17.169,2.3107109619666186
550,10.055332624955033,10.055332624955033,17.03,2.305926564138284
551,10.05772516202193,10.05772516202193,16.908,2.3012021982875073
552,10.059318160860864,10.059318160860864,16.774,2.26354480087495
553,10.06016760149073,10.06016760149073,16.636,2.291962545749584
554,10.060329199743443,10.060329199743443,16.498,2.2874648441486656
555,10.059858407263917,10.059858407263917,16.404,2.2830623446977505
556,10.058810411510084,10.058810411510084,16.322,2.278766933410692
557,10.057240135752876,10.057240135752876,16.238,2.2745917336896397
558,10.055202239076241,10.055202239076241,16.158,2.2705511063250405
559,10.052751116377133,10.052751116377133,16.077,2.266660649495636
560,10.049940898365511,10.049940898365511,16.025,2.229937198768459
561,10.046825451564352,10.046825451564352,15.982,2.2263988270988513
562,10.043458378309634,10.043458378309634,15.941,2.2560648448304423
563,10.039893016750346,10.039893016750346,15.909,2.2529557996951546
564,10.036182440848487,10.036182440848487,15.876,2.2500934768132144
565,10.032379460379067,10.032379460379067,15.858,2.2475008986931417
566,10.0285366209301,10.0285366209301,15.844,2.2452023252317517
567,10.024706203902609,10.024706203902609,15.837,2.243223253714154
568,10.020940226510632,10.020940226510632,15.838,2.241590418813761
569,10.01729044178121,10.01729044178121,15.84,2.2403317925922757
570,10.013808338554396,10.013808338554396,15.845,2.239476584499698
571,10.010545141483249,10.010545141483249,15.851,1.8520552413743268
572,10.007482881410471,10.007482881410471,15.865,2.2059296028399995
573,10.004554508479567,10.004554508479567,15.886,2.173886955223594
574,10.001767593523411,10.001767593523411,15.908,2.2059277125430867
575,9.999129152646896,9.999129152646896,15.926,2.2060526888764596
576,9.996645228886436,9.996645228886436,15.943,2.2392619992785594
577,9.994320892209968,9.994320892209968,15.967,2.239555059781104
578,9.99216023951696,9.99216023951696,15.997,2.1749305873926925
579,9.9901663946384,9.9901663946384,16.027,2.2073866000987863
580,9.988341508336806,9.988341508336806,16.05,2.2409204168617354
581,9.986686758306217,9.986686758306217,16.071,2.1765286576207554
582,9.9852023491722,9.9852023491722,16.097,2.209207243291928
583,9.983887512491847,9.983887512491847,16.126,2.2429513957682286
584,9.982740506753776,9.982740506753776,16.156,2.2437556379194845
585,9.981758617378128,9.981758617378128,16.178,2.211613793592411
586,9.980938156716572,9.980938156716572,16.198,2.2125189876105935
587,9.9802744640523,9.9802744640523,16.221,2.117463645774494
588,9.979761905600032,9.979761905600032,16.245,2.2474394948614336
589,9.97939387450601,9.97939387450601,16.27,2.248437562625627
590,9.979162790848005,9.979162790848005,16.288,2.2494481777981505
591,9.97906010163531,9.97906010163531,16.303,2.2504609700869587
592,9.979076280808746,9.979076280808746,16.32,2.2514648701768802
593,9.979200829240657,9.979200829240657,16.338,1.7684481097296114
594,9.979422274734915,9.979422274734915,16.355,2.2533982213837334
595,9.979728172026917,9.979728172026917,16.367,2.2543020387546875
596,9.98010510278358,9.98010510278358,16.378,2.222145696434799
597,9.980538675603356,9.980538675603356,16.389,2.255914629993267
598,9.981013526016213,9.981013526016213,16.399,2.2565935759761544
599,9.98151331648365,9.98151331648365,16.409,2.224166571906407
600,9.982020736398688,9.982020736398688,16.416,2.2576169562838437
601,9.982518777996606,9.982518777996606,16.421,2.2579307224785232
602,9.98302288734106,9.98302288734106,16.427,2.2581755579533382
603,9.983540655616794,9.983540655616794,16.431,2.1933854853888235
604,9.984068280901987,9.984068280901987,16.435,2.25856208988027
605,9.98460215712171,9.98460215712171,16.437,2.1617069389350263
606,9.985138874047932,9.985138874047932,16.439,2.2588215824724873
607,9.985675217299509,9.985675217299509,16.44,2.258907552824086
608,9.986208168342197,9.986208168342197,16.44,2.258966364733313
609,9.986734904488642,9.986734904488642,16.439,2.1619995153556992
610,9.987252798898387,9.987252798898387,16.439,2.25900848425883
611,9.987759420577865,9.987759420577865,16.438,2.2589947334223286
612,9.988252534380406,9.988252534380406,16.436,2.2589597072378726
613,9.988734791757919,9.988734791757919,16.433,2.2589041883095593
614,9.989190277002459,9.989190277002459,16.431,2.2588315184520322
615,9.989631414763098,9.989631414763098,16.428,2.2257411566942356
616,9.990052062529053,9.990052062529053,16.426,2.258635121275658
617,9.99045096438812,9.99045096438812,16.423,2.2255147686482104
618,9.990827060274995,9.990827060274995,16.419,2.193381437675855
619,9.99117948597126,9.99117948597126,16.415,2.2582364496345875
620,9.991507573105395,9.991507573105395,16.412,2.2580811082124725
621,9.991810849152774,9.991810849152774,16.409,2.192916699509608
622,9.992089037435662,9.992089037435662,16.406,2.2577444920381353
623,9.99234205712322,9.99234205712322,16.402,2.160565736722253
624,9.992570023231504,9.992570023231504,16.398,2.1923816668982106
625,9.992773246623463,9.992773246623463,16.395,2.0961934983142836
626,9.992952234008936,9.992952234008936,16.393,2.2570024291308197
627,9.99310768794466,9.99310768794466,16.39,2.223809639920198
628,9.993240506834267,9.993240506834267,16.387,2.0956162936668488
629,9.993351784928278,9.993351784928278,16.383,2.1914235357672585
630,9.99344281232411,9.99344281232411,16.381,2.0302324940299403
631,9.993515074966078,9.993515074966078,16.379,2.0620442786754705
632,9.993570254645382,9.993570254645382,16.377,2.222859982336475
633,9.993610558808413,9.993610558808413,16.374,2.190678915847469
634,9.993637071515296,9.993637071515296,16.372,1.9325074292956135
635,9.993653051522784,9.993653051522784,16.371,2.061341269919218
636,9.993660634201369,9.993660634201369,16.369,1.9321832242092523
637,9.993662480576724,9.993662480576724,16.368,2.0290342968585655
638,9.993661447521417,9.993661447521417,16.367,2.0288954749720585
639,9.993660587754908,9.993660587754908,16.365,1.996767728066681
640,9.99366313648449,9.99366313648449,16.364,1.9316519710868931
641,9.993661651009806,9.993661651009806,16.364,1.931520722570733
642,9.99364866973238,9.99364866973238,16.363,2.028352488671695
643,9.993625420887463,9.993625420887463,16.362,1.9641512597520538
644,9.993593093996587,9.993593093996587,16.362,1.9639208992235506
645,9.993552839867556,9.993552839867556,16.361,1.9636651435473702
646,9.993505770594455,9.993505770594455,16.361,2.0273876022341515
647,9.993452959557644,9.993452959557644,16.361,1.963091757843987
648,9.993395441423761,9.993395441423761,16.361,1.9947809659864149
649,9.993334212145722,9.993334212145722,16.361,1.9294584553204395
650,9.993270228962716,9.993270228962716,16.361,1.9941273275544997
651,9.993204410400214,9.993204410400214,16.361,1.9617905574465038
652,9.99313763626996,9.99313763626996,16.362,1.9284509928037927
653,9.993070747669977,9.993070747669977,16.362,2.025111354483178
654,9.993004546984565,9.993004546984565,16.362,1.960774236390911
655,9.9929397978843,9.9929397978843,16.363,1.927442105482701
656,9.992877225326039,9.992877225326039,16.363,2.0891173017637055
657,9.992817515552906,9.992817515552906,16.363,2.0558020382885385
658,9.992761316094315,9.992761316094315,16.364,2.0554984011612643
659,9.992709235765945,9.992709235765945,16.364,2.0552083495353983
660,9.992661844669763,9.992661844669763,16.365,2.087933715613911
661,9.992619674194005,9.992619674194005,16.365,2.022676204649219
662,9.992583217013186,9.992583217013186,16.365,1.9904373949431893
663,9.992552927088099,9.992552927088099,16.366,2.0542187378471546
664,9.992529219665816,9.992529219665816,16.366,1.9900215577618905
665,9.99251247127968,9.99251247127968,16.367,1.957847052137625
666,9.992503019749316,9.992503019749316,16.367,1.9246962914740315
667,9.992501164180627,9.992501164180627,16.368,1.9575702193202513
668,9.992507164965787,9.992507164965787,16.368,1.9574696522748631
669,9.992521243783253,9.992521243783253,16.368,1.9243952799859034
670,9.992543583597756,9.992543583597756,16.369,1.924347665150865
671,9.992574328660304,9.992574328660304,16.369,1.9243272435166876
672,9.992613584508183,9.992613584508183,16.369,1.9243343238797603
673,9.992661417964957,9.992661417964957,16.369,1.9573690880859331
674,9.992717857140462,9.992717857140462,16.37,1.9244315910304977
675,9.992782891430819,9.992782891430819,16.37,1.9245217606582052
676,9.99285647151842,9.99285647151842,16.37,1.924639397963258
677,9.992938509371934,9.992938509371934,16.37,1.9577841769893087
678,9.99302887824631,9.99302887824631,16.371,1.9249556448294598
679,9.993127412682774,9.993127412682774,16.371,1.925153221626271
680,9.993233908508826,9.993233908508826,16.371,1.9253762005717512
681,9.993348122838244,9.993348122838244,16.371,1.9256237479073608
682,9.993469774071084,9.993469774071084,16.371,1.9588949029240155
683,9.99359854189368,9.99359854189368,16.371,1.991188577962074
684,9.993734067278641,9.993734067278641,16.371,1.765503558411364
685,9.993875952484853,9.993875952484853,16.371,1.6698385027111513
686,9.99402376105748,9.99402376105748,16.371,1.9271919423501522
687,9.994177017827964,9.994177017827964,16.371,1.992562281866542
688,9.99433520891402,9.99433520891402,16.371,1.9279477988479563
689,9.994497781719645,9.994497781719645,16.371,2.0573466439314583
690,9.994664144935108,9.994664144935108,16.371,1.9617568408035915
691,9.994833668536959,9.994833668536959,16.371,1.9621762862003287
692,9.995005683788026,9.995005683788026,16.371,1.9296027499071045
693,9.995179483237408,9.995179483237408,16.371,1.9630338747588088
694,9.995354320720487,9.995354320720487,16.371,1.963467176639778
695,9.995529411358918,9.995529411358918,16.371,1.9639000444838004
696,9.995703931560636,9.995703931560636,16.371,1.7703297402741196
697,9.99587701901985,9.99587701901985,16.371,1.9317533990434335
698,9.99604777271705,9.99604777271705,16.371,1.9651680288738849
699,9.996215252918999,9.996215252918999,16.371,1.99757051089707
700,9.99637848117874,9.99637848117874,16.371,1.9979575992940433
701,9.99653644033559,9.99653644033559,16.371,1.9333259212953102
702,9.996688074515145,9.996688074515145,16.371,1.9666719771808197
703,9.996832289129278,9.996832289129278,16.371,1.966992140279979
704,9.996967950876138,9.996967950876138,16.371,1.9342826569716465
705,9.997093887740153,9.997093887740153,16.371,1.9675396466841377
706,9.997208888992025,9.997208888992025,16.37,1.9347591018952102
707,9.997311705188737,9.997311705188737,16.37,1.934936888132082
708,9.997401869106627,9.997401869106627,16.37,1.968069815839554
709,9.997475591075982,9.997475591075982,16.37,1.9351502810393413
710,9.997533968311863,9.997533968311863,16.37,2.000176984011416
711,9.997574775583276,9.997574775583276,16.37,2.0001442106126746
712,9.997596569878585,9.997596569878585,16.37,2.032047191617588
713,9.997597869472433,9.997597869472433,16.37,1.9678810308500818
714,9.99757715392574,9.99757715392574,16.37,1.9676407051835358
715,9.997532864085702,9.997532864085702,16.37,1.9673210645407817
716,9.997463444260086,9.997463444260086,16.37,1.9339147475946046
717,9.997377184396386,9.997377184396386,16.37,1.8374515851311166
718,9.997275396753604,9.997275396753604,16.37,1.9329309023507388
719,9.997161461819633,9.997161461819633,16.37,1.9653666064780655
720,9.996906933484059,9.996906933484059,16.37,1.9641431372812868
721,9.99677093997489,9.99677093997489,16.37,1.9305008714222112
722,9.996631998959396,9.996631998959396,16.37,1.9298488074008944
723,9.996492118573249,9.996492118573249,16.37,1.9291943255021415
724,9.996353190227914,9.996353190227914,16.37,1.928544376631672
725,9.996216988610636,9.996216988610636,16.37,1.9279054823161257
726,9.996085171684442,9.996085171684442,16.37,1.9602837347030562
727,9.99595928068815,9.99595928068815,16.37,1.9596847965609339
728,9.995840740136353,9.995840740136353,16.37,1.9911139012791423
729,9.99573085781944,9.99573085781944,16.37,1.9255758528679952
730,9.995630824803573,9.995630824803573,16.37,1.9900750259586992
731,9.995541715430706,9.995541715430706,16.37,1.9246153658034029
732,9.995464487318573,9.995464487318573,16.37,1.924200388275148
733,9.995399981360695,9.995399981360695,16.37,1.9238331798679091
734,9.995348921726377,9.995348921726377,16.37,1.9565163976965696
735,9.995311915860706,9.995311915860706,16.37,1.9232522694969294
736,9.995289454484555,9.995289454484555,16.37,1.9230425936257074
737,9.995281911594583,9.995281911594583,16.37,1.9228887390605376
738,9.995289544463231,9.995289544463231,16.37,1.9227916453999683
739,9.995312493638725,9.995312493638725,16.37,1.922751822863468
740,9.995350782945074,9.995350782945074,16.37,1.9227693522914198
741,9.995404319482075,9.995404319482075,16.37,1.9228438851451202
742,9.995472893625307,9.995472893625307,16.37,1.9229746435067874
743,9.99555617902613,9.99555617902613,16.37,1.9231604200795527
744,9.995653732611695,9.995653732611695,16.37,1.9233995781874622
745,9.995764994584933,9.995764994584933,16.37,1.9236900517754822
746,9.99588928842456,9.99588928842456,16.37,1.924029345409492
747,9.996025820885079,9.996025820885079,16.37,1.6344145342762904
748,9.99617368199677,9.99617368199677,16.37,1.9248422641835887
749,9.99633184506571,9.99633184506571,16.37,1.9583087515600184
750,9.996499166673743,9.996499166673743,16.37,1.9258097834551222
751,9.996674386678515,9.996674386678515,16.37,1.9263407175393663
752,9.996856128213446,9.996856128213446,16.37,1.9598964821041296
753,9.997042897687741,9.997042897687741,16.37,1.9274715760617003
754,9.997233084786394,9.997233084786394,16.37,1.9280600689452978
755,9.997424962470179,9.997424962470179,16.37,1.9286556009090443
756,9.997616686975654,9.997616686975654,16.37,1.9292513827279851
757,9.997806297815165,9.997806297815165,16.37,1.6728401957980843
758,9.997991717776841,9.997991717776841,16.37,1.9304143921362105
759,9.998170752924594,9.998170752924594,16.37,1.9309658943801615
760,9.99834109259812,9.99834109259812,16.37,1.931486195788647
761,9.998501836900367,9.998501836900367,16.37,1.9319709278655903
762,9.998645859260204,9.998645859260204,16.37,1.932397022238634
763,9.998775081307077,9.998775081307077,16.37,1.9327683869021346
764,9.998885197996357,9.998885197996357,16.37,1.9330702299741702
765,9.99897331504666,9.99897331504666,16.37,1.9332918978180267
766,9.99903642145239,9.99903642145239,16.37,1.9334223074179153
767,9.999071389483735,9.999071389483735,16.37,1.933449946378957
768,9.999074974686668,9.999074974686668,16.37,1.9333628729271908
769,9.999043815882942,9.999043815882942,16.37,1.9331487159095744
770,9.998974493623841,9.998974493623841,16.37,1.9327948898419116
771,9.998877171938684,9.998877171938684,16.37,1.9323387821665694
772,9.998763268169057,9.998763268169057,16.37,1.9318223914149169
773,9.998635570194327,9.998635570194327,16.37,1.9312559688955666
774,9.998496742437533,9.998496742437533,16.37,1.9306493117561203
775,9.998349325865389,9.998349325865389,16.37,1.930011762983165
776,9.99819573798828,9.99819573798828,16.37,1.9293522114022768
777,9.998038272860263,9.998038272860263,16.37,1.9286790916780152
778,9.997879101079073,9.997879101079073,16.37,1.9280003843139273
779,9.997720269786111,9.997720269786111,16.37,1.9273236156525524
780,9.997563702666453,9.997563702666453,16.37,1.9266558578754083
781,9.99741119994885,9.99741119994885,16.37,1.9260037290030034
782,9.997264438405722,9.997264438405722,16.37,1.925373392894837
783,9.997124971353164,9.997124971353164,16.37,1.9247705592493887
784,9.996994228650944,9.996994228650944,16.37,1.9242004836041282
785,9.9968735167025,9.9968735167025,16.37,1.9236679673355113
786,9.99666679339907,9.99666679339907,16.37,1.6327325476289705
787,9.996582777569325,9.996582777569325,16.37,1.9223369761388902
788,9.996512156848729,9.996512156848729,16.37,1.9219904671090067
789,9.99645750044443,9.99645750044443,16.37,1.9217050335471342
790,9.996417493936558,9.996417493936558,16.37,1.9214732694272225
791,9.996393206229378,9.996393206229378,16.37,1.9212999578107794
792,9.996384956075712,9.996384956075712,16.37,1.9211862667861563
793,9.996392938772052,9.996392938772052,16.37,1.92113291028069
794,9.996417226158567,9.996417226158567,16.37,1.9211401480607062
795,9.996457766619095,9.996457766619095,16.37,1.9212077857315144
796,9.996514385081147,9.996514385081147,16.37,1.921335174737413
797,9.99658678301591,9.99658678301591,16.37,1.9215212123616894
798,9.99667453843824,9.99667453843824,16.37,1.9217643417266128
799,9.99677710590667,9.99677710590667,16.37,1.922062551793445
800,9.9968938165234,9.9968938165234,16.37,1.9224133773624281
801,9.997023877934305,9.997023877934305,16.37,1.9228138990727963
802,9.997166374328936,9.997166374328936,16.37,1.9232607434027713
803,9.997320266440513,9.997320266440513,16.37,1.537750082669552
804,9.997484391545928,9.997484391545928,16.37,1.924277635029343
805,9.997657463465748,9.997657463465748,16.37,1.8288386644773187
806,9.997838072564214,9.997838072564214,16.37,1.9254279808476369
807,9.998024685749236,9.998024685749236,16.37,1.926039939813462
808,9.9982156464724,9.9982156464724,16.37,1.9266684428869336
809,9.998409174728959,9.998409174728959,16.37,1.927306937419175
810,9.998603367057846,9.998603367057846,16.37,1.9279484166003034
811,9.998796196541663,9.998796196541663,16.37,1.9285854194594183
812,9.998985512806687,9.998985512806687,16.37,1.929210030864608
813,9.999169042022862,9.999169042022862,16.37,1.9298138815229464
814,9.999344386903811,9.999344386903811,16.37,1.930388147980496
815,9.999509026706827,9.999509026706827,16.37,1.9309235526223052
816,9.999660317232875,9.999660317232875,16.37,1.9314103636724091
817,9.999795490826594,9.999795490826594,16.37,1.8678383951938287
818,9.999911656376296,9.999911656376296,16.37,1.9321970070885737
819,10.000005799313964,10.000005799313964,16.37,1.932475105097641
820,10.000074781615256,10.000074781615256,16.37,1.9326611408010113
821,10.0001153417995,10.0001153417995,16.37,1.932743111617654
822,10.000124094929697,10.000124094929697,16.37,1.9327085608055263
823,10.000097532612525,10.000097532612525,16.37,1.932544577461572
824,10.000032022998328,10.000032022998328,16.37,1.9002377965217168
825,9.99992826076716,9.99992826076716,16.37,1.931790769990867
826,9.999799305160126,9.999799305160126,16.37,1.8992515384971664
827,9.999649513440325,9.999649513440325,16.37,1.930636128768235
828,9.999482323448222,9.999482323448222,16.37,1.929957185052256
829,9.999301025048343,9.999301025048343,16.37,1.8652268072197096
830,9.99910876012929,9.99910876012929,16.37,1.9284565507633555
831,9.998908522603735,9.998908522603735,16.37,1.9276574267982358
832,9.998703158408418,9.998703158408418,16.37,1.926839902061678
833,9.998495365504144,9.998495365504144,16.37,1.9260138989132916
834,9.998287693875799,9.998287693875799,16.37,1.925188795334968
835,9.998082545532325,9.998082545532325,16.37,1.892373424930879
836,9.997882174506744,9.997882174506744,16.37,1.9235760769274979
837,9.997688686856144,9.997688686856144,16.37,1.8908044961735513
838,9.99750404066168,9.99750404066168,16.37,1.8900658831400747
839,9.997330046028582,9.997330046028582,16.37,1.889366893920375
840,9.997168365086146,9.997168365086146,16.37,1.6957136402300463
841,9.997020511987738,9.997020511987738,16.37,1.920111689406962
842,9.996887852910795,9.996887852910795,16.37,1.887566064411276
843,9.996771606056823,9.996771606056823,16.37,1.9190812438254419
844,9.996672841651396,9.996672841651396,16.37,1.886661161854171
845,9.99659248194416,9.99659248194416,16.37,1.918309208324489
846,9.996531301208831,9.996531301208831,16.37,1.8540282286856744
847,9.996489925743191,9.996489925743191,16.37,1.8858205240093042
848,9.996468833869097,9.996468833869097,16.37,1.6276878509892452
849,9.996468355932468,9.996468355932468,16.37,1.9176314219416302
850,9.9964886743033,9.9964886743033,16.37,1.9176519048048881
851,9.996529823375658,9.996529823375658,16.37,1.885749423139723
852,9.996591689567671,9.996591689567671,16.37,1.8539235561291356
853,9.996674011321543,9.996674011321543,16.37,1.8861733385783896
854,9.996776379103547,9.996776379103547,16.37,1.8544972609150552
855,9.996898235404021,9.996898235404021,16.37,1.8868932691889615
856,9.99703887473738,9.99703887473738,16.37,1.9193587650722446
857,9.997197443642102,9.997197443642102,16.37,1.9198906058593028
858,9.997372940680737,9.997372940680737,16.37,1.9204851044668327
859,9.997564216439908,9.997564216439908,16.37,1.889138029433802
860,9.997769973530303,9.997769973530303,16.37,1.8898446049214783
861,9.997988766586682,9.997988766586682,16.37,1.9225995107134004
862,9.998219002267872,9.998219002267872,16.37,1.9233968822153873
863,9.998458939256773,9.998458939256773,16.37,1.8282303104555506
864,9.998706688260354,9.998706688260354,16.37,1.9250928420842737
865,9.998960212009653,9.998960212009653,16.37,1.8619769793742407
866,9.999217325259774,9.999217325259774,16.37,1.8628746802204041
867,9.999475694789899,9.999475694789899,16.37,1.7347773581400077
868,9.99973283940327,9.99973283940327,16.37,1.9286758822725663
869,9.999986129927208,9.999986129927208,16.37,1.9295605773798972
870,10.000232789213097,10.000232789213097,16.37,1.9304212238460856
871,10.000469892136392,10.000469892136392,16.37,1.931247057677508
872,10.000694365596619,10.000694365596619,16.37,1.7390267705028197
873,10.000902988517373,10.000902988517373,16.37,1.9327485095729582
874,10.001092391846319,10.001092391846319,16.37,1.9333998777611505
875,10.00125905855519,10.00125905855519,16.37,1.9019679335628972
876,10.001399323639793,10.001399323639793,16.37,1.9344391910960024
877,10.001509374119998,10.001509374119998,16.37,1.9347996201005255
878,10.00158524903975,10.00158524903975,16.37,1.9350346459388277
879,10.00162283946706,10.00162283946706,16.37,1.9031291495955447
880,10.001617888494014,10.001617888494014,16.37,1.9350674676776105
881,10.001565991236761,10.001565991236761,16.37,1.9348333924142214
882,10.001462594835523,10.001462594835523,16.37,1.934410171656868
883,10.001308542278215,10.001308542278215,16.37,1.9338009043447322
884,10.001122817066042,10.001122817066042,16.37,1.933075427577938
885,10.000911532359622,10.000911532359622,16.37,1.9002562291547562
886,10.000679118010227,10.000679118010227,16.37,1.8673596040723908
887,10.000429807959009,10.000429807959009,16.37,1.8664011265960934
888,10.000167640237,10.000167640237,16.37,1.8013956502591846
889,9.999896456965118,9.999896456965118,16.37,1.832357307863047
890,9.999619904354157,9.999619904354157,16.37,1.9272995114771092
891,9.9993414327048,9.9993414327048,16.37,1.701234952438881
892,9.999064296407603,9.999064296407603,16.37,1.9251756013539225
893,9.99879155394301,9.99879155394301,16.37,1.8281327080958523
894,9.998526067881345,9.998526067881345,16.37,1.8911168018063353
895,9.998270504882813,9.998270504882813,16.37,1.7941376908951376
896,9.998027335697499,9.998027335697499,16.37,1.7282044630400435
897,9.997798835165375,9.997798835165375,16.37,1.6953254851869115
898,9.99758708221629,9.99758708221629,16.37,1.8555084035496705
899,9.997393959869974,9.997393959869974,16.37,1.6937601436102963
900,9.997221155236044,9.997221155236044,16.37,1.6610869101188346
901,9.997070159513992,9.997070159513992,16.37,1.7244941870933808
902,9.996942267993196,9.996942267993196,16.37,1.8209867378201015
903,9.996838580052916,9.996838580052916,16.37,1.8205686048532126
904,9.996759999162288,9.996759999162288,16.37,1.7552431100149928
905,9.996707232880338,9.996707232880338,16.37,1.7550128543957957
906,9.996680792855967,9.996680792855967,16.37,1.7228797183540205
907,9.99668113195926,9.99668113195926,16.37,1.7548450113462728
908,9.996707958624985,9.996707958624985,16.37,1.6909087227766246
909,9.996761608165588,9.996761608165588,16.37,1.691071020298116
910,9.996841671458201,9.996841671458201,16.37,1.884330751511234
911,9.996947680601135,9.996947680601135,16.37,1.6596861931146911
912,9.997078971782583,9.997078971782583,16.37,1.7561349010752334
913,9.997236362340626,9.997236362340626,16.37,1.8216795411932392
914,9.997413765463202,9.997413765463202,16.37,1.9182987362749628
915,9.997614960788166,9.997614960788166,16.37,1.9190053717879731
916,9.997836823803235,9.997836823803235,16.37,1.8877882902057266
917,9.998335783543968,9.998335783543968,16.37,1.8575580642518084
918,9.998895146864792,9.998895146864792,16.37,1.8275510280864324
919,9.99919177969203,9.99919177969203,16.37,1.9246102309950928
920,9.999496281383204,9.999496281383204,16.37,1.8616986196717917
921,9.999805833115204,9.999805833115204,16.37,1.862805822031948
922,10.000117420154805,10.000117420154805,16.37,1.7029207452590498
923,10.000736684808034,10.000736684808034,16.37,1.898136593213227
924,10.001031307135161,10.001031307135161,16.37,1.8991901009977799
925,10.001316969870523,10.001316969870523,16.37,1.804210564888722
926,10.00158925775546,10.00158925775546,16.37,1.6761817464226425
927,10.001836174116377,10.001836174116377,16.37,1.8380604128782672
928,10.002061139328877,10.002061139328877,16.37,1.8068582418286194
929,10.002256969218898,10.002256969218898,16.37,1.8395491027639732
930,10.002418885862149,10.002418885862149,16.37,1.7431154162803395
931,10.002541915424217,10.002541915424217,16.37,1.8725388822418125
932,10.002620888160576,10.002620888160576,16.37,1.840800479780544
933,10.002650438416579,10.002650438416579,16.37,1.5508804672967251
934,10.002625004627456,10.002625004627456,16.37,1.6797583824586475
935,10.002538829318325,10.002538829318325,16.37,1.775413042202615
936,10.002385959104185,10.002385959104185,16.37,1.6788225427330339
