,Time,Q1
0,0.0,0.0
1,0.775255,10.389910509320451
2,3.224745,14.6037209804635
3,5.0,13.461809306741488
4,5.775255,13.525499018733957
5,8.224745,13.995570877282809
6,10.0,14.53581269228004
7,10.775255,14.32423577322386
8,13.224745,14.722735361989377
9,15.0,15.33184099065987
10,15.775255,15.199035601057538
11,18.224745,15.742502984131237
12,20.0,16.35960765395686
13,20.775255,16.318119715573122
14,23.224745,17.076810435274833
15,25.0,17.787542618554248
16,25.775255,17.74033473738042
17,28.224745,22.015613705499412
18,30.0,26.280746565930016
19,30.775255,31.54279643376228
20,33.224745,52.78111891446878
21,35.0,62.257037567765764
22,35.775255,69.09019553544574
23,38.224745,91.78302557189596
24,40.0,97.6465292866867
25,40.775255,98.53355262564737
26,43.224745,100.0
27,45.0,100.0
28,45.775255,100.0
29,48.224745,100.0
30,50.0,100.0
31,50.775255,100.0
32,53.224745,100.0
33,55.0,100.0
34,55.775255,100.0
35,58.224745,100.0
36,60.0,100.0
37,60.775255,100.0
38,63.224745,100.0
39,65.0,100.0
40,65.775255,100.0
41,68.224745,100.0
42,70.0,100.0
43,70.775255,100.0
44,73.224745,100.0
45,75.0,100.0
46,75.775255,100.0
47,78.224745,100.0
48,80.0,100.0
49,80.775255,100.0
50,83.224745,100.0
51,85.0,100.0
52,85.775255,100.0
53,88.224745,100.0
54,90.0,100.0
55,90.775255,100.0
56,93.224745,100.0
57,95.0,100.0
58,95.775255,100.0
59,98.224745,100.0
60,100.0,100.0
61,100.775255,100.0
62,103.224745,100.0
63,105.0,100.0
64,105.775255,100.0
65,108.224745,100.0
66,110.0,100.0
67,110.775255,100.0
68,113.224745,100.0
69,115.0,100.0
70,115.775255,100.0
71,118.224745,97.35703925588767
72,120.0,95.08623290354657
73,120.775255,95.2928845804064
74,123.224745,93.86166251586434
75,125.0,92.34461752024909
76,125.775255,92.58263554418983
77,128.224745,91.2141525688058
78,130.0,89.71634825628234
79,130.775255,89.84860751786337
80,133.224745,88.19455665473602
81,135.0,86.58734846659986
82,135.775255,86.55388950981195
83,138.224745,84.64513105380149
84,140.0,83.09532395620762
85,140.775255,82.98856843491754
86,143.224745,81.59297197835323
87,145.0,80.59308899239346
88,145.775255,80.55144220328681
89,148.224745,79.90149860186416
90,150.0,79.44249043847772
91,150.775255,79.45856584125347
92,153.224745,79.25518808141564
93,155.0,79.07189658956301
94,155.775255,79.03245950979318
95,158.224745,78.73717455899454
96,160.0,78.54110297704624
97,160.775255,78.38522755797773
98,163.224745,77.34913897476599
99,165.0,76.64821531155299
100,165.775255,76.01141730426852
101,168.224745,72.41629288049079
102,170.0,70.24491942332591
103,170.775255,68.50142792759969
104,173.224745,60.52659466507845
105,175.0,56.47314263185369
106,175.775255,54.63914700791699
107,178.224745,50.85787799466753
108,180.0,49.98597678719556
109,180.775255,49.82906290560808
110,183.224745,50.31403791802036
111,185.0,50.82129102325864
112,185.775255,51.0090869636468
113,188.224745,51.97354261899185
114,190.0,52.51183187963366
115,190.775255,52.692566363975196
116,193.224745,53.474040435177095
117,195.0,53.88329069500366
118,195.775255,54.02282372150356
119,198.224745,54.608912428731934
120,200.0,54.91126545370612
121,200.775255,55.02204361269901
122,203.224745,55.479131851569335
123,205.0,55.71181186525792
124,205.775255,55.80665106227863
125,208.224745,56.18785274863971
126,210.0,56.37814227123238
127,210.775255,56.46437287772563
128,213.224745,56.79950716507238
129,215.0,56.96267893861043
130,215.775255,57.04223717470904
131,218.224745,57.338884274826185
132,220.0,57.47890995440434
133,220.775255,57.54904333574978
134,223.224745,57.79659115750244
135,225.0,57.90866613954275
136,225.775255,57.96383415155998
137,228.224745,58.143604723422186
138,230.0,58.219906386409846
139,230.775255,58.255126757220246
140,233.224745,58.35432968050638
141,235.0,58.39092018930882
142,235.775255,58.404855041920875
143,238.224745,58.42638407380065
144,240.0,58.42719127708977
145,240.775255,58.42317643271589
146,243.224745,58.386311826596454
147,245.0,58.36249990924379
148,245.775255,58.34733497633315
149,248.224745,58.28089475679463
150,250.0,58.24698090147516
151,250.775255,58.228493076742716
152,253.224745,58.16112208570237
153,255.0,58.130285599309985
154,255.775255,58.11493347617376
155,258.224745,58.06712458989752
156,260.0,58.04780291783604
157,260.775255,58.03923744872888
158,263.224745,58.01962032591651
159,265.0,58.01428193529516
160,265.775255,58.013050083435154
161,268.224745,58.01862310173419
162,270.0,58.02426420234446
163,270.775255,58.02824412803223
164,273.224745,58.04666381175401
165,275.0,58.056070833959964
166,275.775255,58.06115758693841
167,278.224745,58.07353657113641
168,280.0,58.07667369558642
169,280.775255,58.077460221040795
170,283.224745,58.0609757052638
171,285.0,58.04623703778427
172,285.775255,58.03659102041408
173,288.224745,57.96662174040001
174,290.0,57.92184184755333
175,290.775255,57.89536259964218
176,293.224745,57.74729999726479
177,295.0,57.660668745415535
178,295.775255,57.61121023401485
179,298.224745,57.363033829249815
180,300.0,57.22454688798956
181,300.775255,57.14724469240931
182,303.224745,56.78442225722804
183,305.0,56.58850826783772
184,305.775255,56.48148599792879
185,308.224745,56.00332672338808
186,310.0,55.75166323339412
187,310.775255,55.61731490843232
188,313.224745,55.038704902540445
189,315.0,54.739854558729455
190,315.775255,54.58369415836621
191,318.224745,53.92640905374823
192,320.0,53.59040603535433
193,320.775255,53.41761573124285
194,323.224745,52.696588799713766
195,325.0,52.3284844435715
196,325.775255,52.14118390609301
197,328.224745,51.356581663345295
198,330.0,50.95340228109717
199,330.775255,50.74985734625245
200,333.224745,49.88128074912128
201,335.0,49.42771000797561
202,335.775255,49.199499477586365
203,338.224745,48.168390320247845
204,340.0,47.60750064053893
205,340.775255,47.31964109110315
206,343.224745,45.77258448287374
207,345.0,44.84287299527143
208,345.775255,44.285749354047255
209,348.224745,40.626411330001865
210,350.0,38.27322971032303
211,350.775255,36.55796402978653
212,353.224745,29.120200167023704
213,355.0,25.46437119111045
214,355.775255,22.84222239398681
215,358.224745,14.342401505806455
216,360.0,11.973846340651704
217,360.775255,11.759085975341987
218,363.224745,11.029767867004903
219,365.0,10.596205501167184
220,365.775255,10.405384622076749
221,368.224745,9.746397010575155
222,370.0,9.338068367691216
223,370.775255,9.161391011040447
224,373.224745,8.574267582859362
225,375.0,8.201020818524679
226,375.775255,8.040159167530858
227,378.224745,7.5182944883538605
228,380.0,7.179701125190293
229,380.775255,7.033942557766943
230,383.224745,6.568061901150874
231,385.0,6.2611177792593615
232,385.775255,6.128928156564636
233,388.224745,5.710524272333316
234,390.0,5.431698492141315
235,390.775255,5.311428386547838
236,393.224745,4.933373764433153
237,395.0,4.6792943479841504
238,395.775255,4.569414266317436
239,398.224745,4.2258689481094
240,400.0,3.993536474933878
241,400.775255,3.8926970114525634
242,403.224745,3.578884522949133
243,405.0,3.365710165728521
244,405.775255,3.272739918702352
245,408.224745,2.9847329204206234
246,410.0,2.7885134190977823
247,410.775255,2.7023964528017173
248,413.224745,2.436940464890739
249,415.0,2.2558145297758148
250,415.775255,2.175662694397206
251,418.224745,1.9300372075841845
252,420.0,1.7624408944744416
253,420.775255,1.6874662610502214
254,423.224745,1.4593763355525606
255,425.0,1.3040039836357666
256,425.775255,1.2334927358922523
257,428.224745,1.020984051461601
258,430.0,0.8767569570783009
259,430.775255,0.8100445131199036
260,433.224745,0.6114360589284951
261,435.0,0.47747971515970594
262,435.775255,0.41392536200492075
263,438.224745,0.22775640983599288
264,440.0,0.10345428823790376
265,440.775255,0.04249683325186218
266,443.224745,0.0
267,445.0,0.0
268,445.775255,0.0
269,448.224745,0.0
270,450.0,0.0
271,450.775255,0.0
272,453.224745,0.0
273,455.0,0.0
274,455.775255,0.0
275,458.224745,0.0
276,460.0,0.0
277,460.775255,0.0
278,463.224745,0.074002660936321
279,465.0,0.18299308092195907
280,465.775255,0.21550729781251704
281,468.224745,0.35666702645532
282,470.0,0.47431015820670036
283,470.775255,0.5089897305187622
284,473.224745,0.6610802509202269
285,475.0,0.7881609218353083
286,475.775255,0.8253513047875792
287,478.224745,0.9897344834759164
288,480.0,1.127453610082463
289,480.775255,1.1674093303444935
290,483.224745,1.3456232918460411
291,485.0,1.4953761635960696
292,485.775255,1.5383729414428065
293,488.224745,1.7322260703559385
294,490.0,1.8956850944732082
295,490.775255,1.9420358607624644
296,493.224745,2.1537250899965676
297,495.0,2.3329512500542635
298,495.775255,2.3830247219495586
299,498.224745,2.6152986763346733
300,500.0,2.812898758737406
301,500.775255,2.8671435595199024
302,503.224745,3.1235413806669436
303,505.0,3.342901338523158
304,505.775255,3.401879514169417
305,508.224745,3.6871002579745062
306,510.0,3.932749185540549
307,510.775255,3.997185423302813
308,513.224745,4.317692856320945
309,515.0,4.595901764783218
310,515.775255,4.666759218207822
311,518.224745,5.031838383919609
312,520.0,5.351668142517845
313,520.775255,5.430270673170499
314,523.224745,5.854026918527942
315,525.0,6.229306488414746
316,525.775255,6.317545694157598
317,528.224745,6.8231012899084975
318,530.0,7.276535878057398
319,530.775255,7.377254181675182
320,533.224745,8.006908242183895
321,535.0,8.579670787998689
322,535.775255,8.697729387446946
323,538.224745,9.542957041121351
324,540.0,10.319413824426645
325,540.775255,10.471811549109061
326,543.224745,11.781700648653205
327,545.0,12.935814730879441
328,545.775255,13.262157260875053
329,548.224745,15.118632499700762
330,550.0,16.23631266691279
331,550.775255,16.152157805934802
332,553.224745,16.21427252270961
333,555.0,16.440622714669246
334,555.775255,16.222033191829905
335,558.224745,16.13345728148227
336,560.0,16.329627572022414
337,560.775255,16.134238264106088
338,563.224745,16.056014512408638
339,565.0,16.23135199121428
340,565.775255,16.061579882553676
341,568.224745,15.999424346759927
342,570.0,16.15726822566817
343,570.775255,16.010473443620544
344,573.224745,15.963252207729498
345,575.0,16.105662745393737
346,575.775255,15.97908183163726
347,578.224745,15.944676831356022
348,580.0,16.073088985661997
349,580.775255,15.96413270578242
350,583.224745,15.940190225803665
351,585.0,16.05569737766303
352,585.775255,15.962028056663469
353,588.224745,15.946310994621328
354,590.0,16.04984208956051
355,590.775255,15.969393832132766
356,593.224745,15.959946608713224
357,595.0,16.05236334845059
358,595.775255,15.983331099421084
359,598.224745,15.978528686735464
360,600.0,16.0606694878669
361,600.775255,16.001484159480825
362,603.224745,16.000020178652765
363,605.0,16.072713707838243
364,605.775255,16.022013768406154
365,608.224745,16.022862716435938
366,610.0,16.086926335729334
367,610.775255,16.04353088425297
368,613.224745,16.045903462378607
369,615.0,16.102135552130807
370,615.775255,16.065020659205967
371,618.224745,16.068321002302714
372,620.0,16.117491883921762
373,620.775255,16.085770365331882
374,623.224745,16.089558420851045
375,625.0,16.13240210080007
376,625.775255,16.10530625517556
377,628.224745,16.109265900305285
378,630.0,16.146473506719943
379,630.775255,16.123340215857393
380,633.224745,16.127252639168983
381,635.0,16.159467754182536
382,635.775255,16.13972542809227
383,638.224745,16.143447029045134
384,640.0,16.171262824353924
385,640.775255,16.15441981957889
386,643.224745,16.157863936049456
387,645.0,16.181821909647073
388,645.775255,16.167456185519224
389,648.224745,16.170578105272224
390,650.0,16.191168188440937
391,650.775255,16.17891806363782
392,653.224745,16.181702901431763
393,655.0,16.19936470381428
394,655.775255,16.188920631316268
395,658.224745,16.19137372626251
396,660.0,16.206498691491284
397,660.775255,16.197595992234515
398,663.224745,16.199735506667462
399,665.0,16.212669756990323
400,665.775255,16.20508225360262
401,668.224745,16.206933656503715
402,670.0,16.217981314436607
403,670.775255,16.211515798050396
404,673.224745,16.213107914137073
405,675.0,16.2225347054395
406,675.775255,16.21702615909932
407,678.224745,16.218388472651295
408,680.0,16.226425438778975
409,680.775255,16.22173293503113
410,683.224745,16.22289386012034
411,685.0,16.229741038188713
412,685.775255,16.225744227555538
413,688.224745,16.22673009164212
414,690.0,16.232560052722864
415,690.775255,16.229156163420733
416,693.224745,16.22999069395468
417,695.0,16.234951862814675
418,695.775255,16.232053138856788
419,698.224745,16.232757286740295
420,700.0,16.236976995164717
421,700.775255,16.2345085083562
422,703.224745,16.23510048323529
423,705.0,16.238687733174267
424,705.775255,16.236585513208944
425,708.224745,16.237080940761928
426,710.0,16.240128872099987
427,710.775255,16.238338307187604
428,713.224745,16.238750446778983
429,715.0,16.241338517772686
430,715.775255,16.239812985536247
431,718.224745,16.240152967953435
432,720.0,16.242348865027115
433,720.775255,16.24104855967008
434,723.224745,16.241325620035553
435,725.0,16.243186918604195
436,725.775255,16.242077845595855
437,728.224745,16.24229953710972
438,730.0,16.243875137337366
439,730.775255,16.242928251214636
440,733.224745,16.243100632297253
441,735.0,16.244431994030347
442,735.775255,16.24362245851596
443,738.224745,16.243750250205878
444,740.0,16.244872450402386
445,740.775255,16.244179003028556
446,743.224745,16.24426571596101
447,745.0,16.245208350272797
448,745.775255,16.244612756195313
449,748.224745,16.244660787751034
450,750.0,16.245448735865722
451,750.775255,16.244935317651642
452,753.224745,16.244946020353755
453,755.0,16.245600092501764
454,755.775255,16.245155324446348
455,758.224745,16.245129046694768
456,760.0,16.24566652653337
457,760.775255,16.245278683564692
458,763.224745,16.245214783516776
459,765.0,16.245649880503485
460,765.775255,16.245308733010745
461,768.224745,16.24520556597598
462,770.0,16.245549788387798
463,770.775255,16.245246335390146
464,773.224745,16.245101214560904
465,775.0,16.24536367252015
466,775.775255,16.24508990650775
467,778.224745,16.24489903625245
468,780.0,16.24508668248675
469,780.775255,16.244835380031756
470,783.224745,16.24459376034178
471,785.0,16.244711574926924
472,785.775255,16.24447610779899
473,788.224745,16.244177407817897
474,790.0,16.244228531810027
475,790.775255,16.244002693852288
476,793.224745,16.243639091730135
477,795.0,16.243624913377168
478,795.775255,16.243402758819723
479,798.224745,16.242964744426526
480,800.0,16.24288494053715
481,800.775255,16.242660629755765
482,803.224745,16.24213676605827
483,805.0,16.24198930009095
484,805.775255,16.241756949072997
485,808.224745,16.24113358724049
486,810.0,16.240914664745453
487,810.775255,16.24066819471663
488,813.224745,16.239929137288783
489,815.0,16.239633118488435
490,815.775255,16.239366102292465
491,818.224745,16.23849220803962
492,820.0,16.238111476573277
493,820.775255,16.237816978504334
494,823.224745,16.23678570198922
495,825.0,16.236310488191297
496,825.775255,16.235980894071375
497,828.224745,16.23476575244211
498,830.0,16.234183908995362
499,830.775255,16.233810743395455
500,833.224745,16.232380702699608
501,835.0,16.231677430151095
502,835.775255,16.231251157806337
503,838.224745,16.22956993124687
504,840.0,16.22872745075797
505,840.775255,16.228237259469882
506,843.224745,16.22626251070719
507,845.0,16.225259681619992
508,845.775255,16.224693244327103
509,848.224745,16.222375690397914
510,850.0,16.221187570855438
511,850.775255,16.220530785159625
512,853.224745,16.21781319613805
513,855.0,16.216410546249005
514,855.775255,16.215647250596547
515,858.224745,16.212463347132367
516,860.0,16.210812076208622
517,860.775255,16.20992374324869
518,863.224745,16.206196999015724
519,865.0,16.204257561445917
520,865.775255,16.203222970942576
521,868.224745,16.198865335302585
522,870.0,16.196592083903464
523,870.775255,16.195386980092383
524,873.224745,16.190297547412655
525,875.0,16.18763805884353
526,875.775255,16.18623480041645
527,878.224745,16.180298466891244
528,880.0,16.17719286112114
529,880.775255,16.175560076182236
530,883.224745,16.168646242931516
531,885.0,16.165026527881103
532,885.775255,16.16312879126266
533,888.224745,16.155090193778744
534,890.0,16.1508796769959
535,890.775255,16.148677233145314
536,893.224745,16.13934900111052
537,895.0,16.134461822225553
538,895.775255,16.13191038318268
539,898.224745,16.121109459701355
540,900.0,16.11545030955203
541,900.775255,16.11250096377856
542,903.224745,16.100026036464374
543,905.0,16.093490139710067
544,905.775255,16.09008941283911
545,908.224745,16.07572152699272
546,910.0,16.068194972661928
547,910.775255,16.064285084403824
548,913.224745,16.047789115473478
549,915.0,16.039149621542308
550,915.775255,16.03466898251951
551,918.224745,16.015796135063013
552,920.0,16.005914325860495
553,920.775255,16.000798312435165
554,923.224745,15.979289779789326
555,925.0,15.968031035952311
556,925.775255,15.962213068715185
557,928.224745,15.937804926816709
558,930.0,15.925031834772641
559,930.775255,15.918444766434641
560,933.224745,15.890874085191479
561,935.0,15.876449466650074
562,935.775255,15.869027257857642
563,938.224745,15.838039297665803
564,940.0,15.821829741963816
565,940.775255,15.81350937079698
566,943.224745,15.778865600136317
567,945.0,15.760745359305954
568,945.775255,15.751468875347955
569,948.224745,15.712955414216317
570,950.0,15.692810461149325
571,950.775255,15.682527062919176
572,953.224745,15.63996304720616
573,955.0,15.61769505192757
574,955.775255,15.6063630426906
575,958.224745,15.559608338342294
576,960.0,15.535138296621898
577,960.775255,15.522726763111564
578,963.224745,15.471688453765049
579,965.0,15.444959713750201
580,965.775255,15.431449778137624
581,968.224745,15.376086914560778
582,970.0,15.347067393851018
583,970.775255,15.332452911133213
584,973.224745,15.272779149415838
585,975.0,15.24146262186623
586,975.775255,15.22575022637499
587,978.224745,15.161834312800002
588,980.0,15.128240900293427
589,980.775255,15.111449269130048
590,983.224745,15.043416130457425
591,985.0,15.007594970338785
592,985.775255,14.989751187074754
593,988.224745,14.917834870579721
594,990.0,14.879924385966248
595,990.775255,14.861000161479678
596,993.224745,14.786694606015292
597,995.0,14.748213468083415
598,995.775255,14.72671607573975
599,998.224745,14.678446798397072
600,1000.0,14.674137625040434
